スピードアップ,戦闘スピードが2倍速になります,戦闘中アイテムをタップすれば,ON・OFFが可能,＠,
トレジャーレーダー,お宝出現率アップ！,勝利すれば１００％の確率で,最高のお宝をゲットすることができる,＠,
ネコボン,戦闘開始時から働きネコのレベルが,ＭＡＸ状態でスタートします,＠,
ニャンピュータ,ネコ型ＣＰＵが戦闘をやってくれます,ネコ型なので性能は期待できない,＠,
おかめはちもく,戦闘終了後に得られる経験値が,１．５倍になります,＠,
スニャイパー,スナイパーが援護射撃をしてくれます,弾が当たると必ずヒットバック,攻撃力は城の体力に比例します,＠,
XP,キャラクターのレベルを,パワーアップすることができます,＠,
NP,＠,,,
ダミー,＠,,,
ダミー,＠,,,
XP 5000,＠,,,
XP 10000,＠,,,
XP 30000,＠,,,
XP 50000,＠,,,
XP 100000,＠,,,
XP 200000,＠,,,
XP 500000,＠,,,
XP 1000000,＠,,,
XP 2000000,＠,,,
XP 500000,＠,,,
にゃんこチケット,＠,,,
レアチケット,＠,,,
ネコカン,アイテムや経験値などを購入することができます,＠,,
福引チケット,＠,,,
MH大狩猟チケット,＠,,,
まもるよチケット,＠,,,
福引チケット,＠,,,
福引チケット,＠,,,
福引チケット,＠,,,
プラチナチケット,＠,,,
紫マタタビの種,にゃんこをさらなる高みへクラスチェンジさせることが,できるという幻のマタタビの種,＠,
赤マタタビの種,にゃんこをさらなる高みへクラスチェンジさせることが,できるという幻のマタタビの種,＠,
青マタタビの種,にゃんこをさらなる高みへクラスチェンジさせることが,できるという幻のマタタビの種,＠,
緑マタタビの種,にゃんこをさらなる高みへクラスチェンジさせることが,できるという幻のマタタビの種,＠,
黄マタタビの種,にゃんこをさらなる高みへクラスチェンジさせることが,できるという幻のマタタビの種,＠,
紫マタタビ,にゃんこをさらなる高みへクラスチェンジさせることが,できるという幻のマタタビ,＠,
赤マタタビ,にゃんこをさらなる高みへクラスチェンジさせることが,できるという幻のマタタビ,＠,
青マタタビ,にゃんこをさらなる高みへクラスチェンジさせることが,できるという幻のマタタビ,＠,
緑マタタビ,にゃんこをさらなる高みへクラスチェンジさせることが,できるという幻のマタタビ,＠,
黄マタタビ,にゃんこをさらなる高みへクラスチェンジさせることが,できるという幻のマタタビ,＠,
虹マタタビ,にゃんこをさらなる高みへクラスチェンジさせることが,できるという幻のマタタビ,＠,
古代マタタビの種,にゃんこをさらなる高みへクラスチェンジさせることが,できるという幻のマタタビの種,＠,
古代マタタビ,にゃんこをさらなる高みへクラスチェンジさせることが,できるという幻のマタタビ,＠,
虹マタタビの種,にゃんこをさらなる高みへクラスチェンジさせることが,できるという幻のマタタビの種,＠,
金マタタビ,にゃんこをさらなる高みへクラスチェンジさせることが,できるという幻のマタタビ,＠,
福引チケット,＠,,,
福引チケット,＠,,,
福引チケット,＠,,,
福引チケット,＠,,,
福引チケット,＠,,,
キャッツアイ【EX】,特定のEXキャラのレベル上限を解放できます,※Lv30に到達後、使用できます,＠,
キャッツアイ【レア】,レアキャラのレベル上限を解放できます,※Lv30に到達後、使用できます,＠,
キャッツアイ【激レア】,激レアキャラのレベル上限を解放できます,※Lv30に到達後、使用できます,＠,
キャッツアイ【超激レア】,超激レアキャラのレベル上限を解放できます,※Lv30に到達後、使用できます,＠,
キャッツアイ【伝説】,基本キャラ以外のキャラのレベル上限を解放できます,※Lv30に到達後、使用できます,＠,
ネコビタンA,ガマトトに関する作業時間を,1時間短縮することが出来ます,＠,
ネコビタンB,ガマトトに関する作業時間を,3時間短縮することが出来ます,＠,
ネコビタンC,ガマトトに関する作業時間を,6時間短縮することが出来ます,＠,
ダミー,＠,,,
ダミー,＠,,,
にゃんこ砲攻撃力,攻撃力がアップします,ただしチャージ時間が少し伸びます,,＠,
にゃんこ砲射程,射程距離がアップします,,,＠,
にゃんこ砲チャージ,発射可能になるまでの,チャージ時間が早くなります,,＠,
働きネコ仕事効率,働きネコの仕事効率を上げ,お金の増加スピードが早くなります,,＠,
働きネコお財布,働きネコのお財布サイズをアップさせ,戦闘中に所持できるお金が増えます,,＠,
お城体力,自分の城の体力がアップします,,,＠,
研究力,キャラの生産スピードを,アップさせることができます,,＠,
会計力,敵を倒すたびに得られるお金を,アップさせることができます,,＠,
勉強力,ステージクリア時にもらえる,経験値をアップさせることができます,,＠,
統率力,ステージを進行させるために必要な,統率力をアップさせることができます,,＠,
受取BOX用：ダミー1,＠,,,
受取BOX用：ダミー2,＠,,,
受取BOX用：ダミー3,＠,,,
受取BOX用：ダミー4,＠,,,
受取BOX用：ダミー5,＠,,,
福引チケット,＠,,,
福引チケット,＠,,,
福引チケットG,＠,,,
XP 100000,＠,,,
ダミー,＠,,,
経験値Ａ,経験値をネコカンで購入する事ができます,＠,＠,
経験値Ｂ,経験値をネコカンで購入する事ができます,＠,＠,
経験値Ｃ,経験値をネコカンで購入する事ができます,＠,＠,
経験値Ｄ,経験値をネコカンで購入する事ができます,＠,＠,
経験値Ｅ,経験値をネコカンで購入する事ができます,＠,＠,
レンガ,にゃんこ城開発で必要となる、いにしえの素材,＠,＠,
羽根,にゃんこ城開発で必要となる、いにしえの素材,＠,＠,
備長炭,にゃんこ城開発で必要となる、いにしえの素材,＠,＠,
鋼の歯車,にゃんこ城開発で必要となる、いにしえの素材,＠,＠,
黄金,にゃんこ城開発で必要となる、いにしえの素材,＠,＠,
宇宙石,にゃんこ城開発で必要となる、いにしえの素材,＠,＠,
謎の骨,にゃんこ城開発で必要となる、いにしえの素材,＠,＠,
助手,にゃんこ城開発を手助けしてくれる助手,＠,＠,
福引チケット,＠,,,
福引チケットG,＠,,,
福引チケットG,＠,,,
福引チケットG,＠,,,
福引チケットG,＠,,,
福引チケットG,＠,,,
福引チケット,＠,,,
福引チケットG,＠,,,
福引チケット,＠,,,
福引チケットG,＠,,,
福引チケットG,＠,,,
福引チケット,＠,,,
リーダーシップ,＠,,,
福引チケットG,＠,,,
福引チケット,＠,,,
福引チケットG,＠,,,
福引チケットG,＠,,,
福引チケット,＠,,,
ビックリマンチョコ,＠,,,
福引チケット,＠,,,
福引チケットG,＠,,,
福引チケットG,＠,,,
福引チケットG,＠,,,
福引チケット,＠,,,
福引チケット,＠,,,
福引チケットG,＠,,,
福引チケットG,＠,,,
福引チケットG,＠,,,
福引チケットG,＠,,,
福引チケット,＠,,,
リスタートパック,＠,,,
福引チケットG,＠,,,
福引チケットG,＠,,,
福引チケット,＠,,,
福引チケット,＠,,,
福引チケットG,＠,,,
福引チケットG,＠,,,
福引チケットG,＠,,,
福引チケットG,＠,,,
福引チケット,＠,,,
福引チケットG,＠,,,
福引チケット,＠,,,
福引チケットG,＠,,,
福引チケット,＠,,,
ビックリマンチョコ,＠,,,
福引チケットG,＠,,,
福引チケット,＠,,,
アンモナイト,にゃんこ城開発で必要となる、いにしえの素材,＠,＠,
福引チケットG,＠,,,
福引チケットG,＠,,,
福引チケット,＠,,,
福引チケットG,＠,,,
レジェンドチケット,＠,,,
福引チケットG,＠,,,
福引チケット,＠,,,
福引チケット,＠,,,
福引チケットG,＠,,,
福引チケットG,＠,,,
ネコボン3時間使い放題,＠,,,
ニャンピュータ3時間使い放題,＠,,,
スニャイパー3時間使い放題,＠,,,
福引チケットG,＠,,,
